{
    "drops": {
        "average": 0.0,
        "max": 0,
        "min": 0,
        "std": 0.0,
        "total": 0
    },
    "last_modified": 1490407910032,
    "lifts": {
        "average": 0.7142857142857143,
        "max": 3,
        "min": 0,
        "std": 1.0301575072754254,
        "total": 5
    },
    "rating": {
        "average": 2.5,
        "max": 4,
        "min": 1,
        "std": 1.118033988749895,
        "total": 10
    },
    "team_number": -1
}