{
    "drops": {
        "average": 0.1,
        "max": 1,
        "min": 0,
        "std": 0.30000000000000004,
        "total": 1
    },
    "last_modified": 1492457654700,
    "lifts": {
        "average": 3.3,
        "max": 6,
        "min": 1,
        "std": 1.3453624047073711,
        "total": 33
    },
    "rating": {
        "average": 3.4,
        "max": 5,
        "min": 1,
        "std": 1.1135528725660042,
        "total": 34
    },
    "team_number": 108
}