{
    "drops": {
        "average": 0.1,
        "max": 1,
        "min": 0,
        "std": 0.30000000000000004,
        "total": 1
    },
    "last_modified": 1492457723705,
    "lifts": {
        "average": 4.6,
        "max": 6,
        "min": 4,
        "std": 0.7999999999999999,
        "total": 46
    },
    "rating": {
        "average": 4.2,
        "max": 5,
        "min": 3,
        "std": 0.6,
        "total": 42
    },
    "team_number": 2393
}