{
    "drops": {
        "average": 0.1,
        "max": 1,
        "min": 0,
        "std": 0.30000000000000004,
        "total": 1
    },
    "last_modified": 1492457763765,
    "lifts": {
        "average": 2.6,
        "max": 4,
        "min": 0,
        "std": 1.42828568570857,
        "total": 26
    },
    "rating": {
        "average": 3.4444444444444446,
        "max": 4,
        "min": 1,
        "std": 0.9558139185602919,
        "total": 31
    },
    "team_number": 279
}