{
    "drops": {
        "average": 0.0,
        "max": 0,
        "min": 0,
        "std": 0.0,
        "total": 0
    },
    "last_modified": 1492457780343,
    "lifts": {
        "average": 1.7,
        "max": 4,
        "min": 0,
        "std": 1.7916472867168916,
        "total": 17
    },
    "rating": {
        "average": 3.8,
        "max": 5,
        "min": 3,
        "std": 0.7483314773547882,
        "total": 19
    },
    "team_number": 3000
}