{
    "drops": {
        "average": 0.0,
        "max": 0,
        "min": 0,
        "std": 0.0,
        "total": 0
    },
    "last_modified": 1492457816086,
    "lifts": {
        "average": 0.5,
        "max": 3,
        "min": 0,
        "std": 1.02469507659596,
        "total": 5
    },
    "rating": {
        "average": 3.0,
        "max": 4,
        "min": 2,
        "std": 0.816496580927726,
        "total": 9
    },
    "team_number": 3259
}