{
    "drops": {
        "average": 0.0,
        "max": 0,
        "min": 0,
        "std": 0.0,
        "total": 0
    },
    "last_modified": 1492457939600,
    "lifts": {
        "average": 0.8,
        "max": 3,
        "min": 0,
        "std": 1.077032961426901,
        "total": 8
    },
    "rating": {
        "average": 2.75,
        "max": 3,
        "min": 2,
        "std": 0.4330127018922193,
        "total": 11
    },
    "team_number": 3844
}