{
    "drops": {
        "average": 0.1,
        "max": 1,
        "min": 0,
        "std": 0.30000000000000004,
        "total": 1
    },
    "last_modified": 1492457957707,
    "lifts": {
        "average": 2.9,
        "max": 6,
        "min": 0,
        "std": 1.7,
        "total": 29
    },
    "rating": {
        "average": 3.4444444444444446,
        "max": 5,
        "min": 1,
        "std": 1.257078722109418,
        "total": 31
    },
    "team_number": 3966
}