{
    "drops": {
        "average": 0.1,
        "max": 1,
        "min": 0,
        "std": 0.30000000000000004,
        "total": 1
    },
    "last_modified": 1492457975171,
    "lifts": {
        "average": 0.6,
        "max": 2,
        "min": 0,
        "std": 0.9165151389911679,
        "total": 6
    },
    "rating": {
        "average": 2.3333333333333335,
        "max": 3,
        "min": 2,
        "std": 0.4714045207910317,
        "total": 14
    },
    "team_number": 3984
}