{
    "drops": {
        "average": 0.1,
        "max": 1,
        "min": 0,
        "std": 0.30000000000000004,
        "total": 1
    },
    "last_modified": 1492458028832,
    "lifts": {
        "average": 1.8,
        "max": 5,
        "min": 0,
        "std": 1.7204650534085253,
        "total": 18
    },
    "rating": {
        "average": 3.0,
        "max": 5,
        "min": 1,
        "std": 1.2909944487358056,
        "total": 18
    },
    "team_number": 4264
}