{
    "drops": {
        "average": 0.2,
        "max": 1,
        "min": 0,
        "std": 0.4000000000000001,
        "total": 2
    },
    "last_modified": 1492458098205,
    "lifts": {
        "average": 2.9,
        "max": 5,
        "min": 0,
        "std": 1.3,
        "total": 29
    },
    "rating": {
        "average": 3.4444444444444446,
        "max": 4,
        "min": 2,
        "std": 0.6849348892187751,
        "total": 31
    },
    "team_number": 4504
}