{
    "drops": {
        "average": 0.1,
        "max": 1,
        "min": 0,
        "std": 0.30000000000000004,
        "total": 1
    },
    "last_modified": 1492458447894,
    "lifts": {
        "average": 1.8,
        "max": 4,
        "min": 0,
        "std": 1.469693845669907,
        "total": 18
    },
    "rating": {
        "average": 4.0,
        "max": 5,
        "min": 3,
        "std": 0.7559289460184544,
        "total": 28
    },
    "team_number": 4576
}