{
    "drops": {
        "average": 0.2,
        "max": 1,
        "min": 0,
        "std": 0.4000000000000001,
        "total": 2
    },
    "last_modified": 1492458170253,
    "lifts": {
        "average": 2.0,
        "max": 4,
        "min": 0,
        "std": 1.2649110640673518,
        "total": 20
    },
    "rating": {
        "average": 2.75,
        "max": 4,
        "min": 2,
        "std": 0.6614378277661477,
        "total": 22
    },
    "team_number": 4630
}