{
    "drops": {
        "average": 0.1,
        "max": 1,
        "min": 0,
        "std": 0.30000000000000004,
        "total": 1
    },
    "last_modified": 1492458591991,
    "lifts": {
        "average": 0.9,
        "max": 4,
        "min": 0,
        "std": 1.445683229480096,
        "total": 9
    },
    "rating": {
        "average": 3.3333333333333335,
        "max": 4,
        "min": 3,
        "std": 0.4714045207910317,
        "total": 10
    },
    "team_number": 5423
}