{
    "drops": {
        "average": 0.0,
        "max": 0,
        "min": 0,
        "std": 0.0,
        "total": 0
    },
    "last_modified": 1490460808796,
    "lifts": {
        "average": 1.3,
        "max": 4,
        "min": 0,
        "std": 1.4177446878757827,
        "total": 13
    },
    "rating": {
        "average": 3.0,
        "max": 4,
        "min": 2,
        "std": 0.816496580927726,
        "total": 18
    },
    "team_number": 5816
}