{
    "drops": {
        "average": 0.2,
        "max": 1,
        "min": 0,
        "std": 0.4000000000000001,
        "total": 2
    },
    "last_modified": 1492458433392,
    "lifts": {
        "average": 0.7,
        "max": 3,
        "min": 0,
        "std": 1.004987562112089,
        "total": 7
    },
    "rating": {
        "average": 2.0,
        "max": 4,
        "min": 1,
        "std": 1.2649110640673518,
        "total": 10
    },
    "team_number": 6219
}