{
    "drops": {
        "average": 0.0,
        "max": 0,
        "min": 0,
        "std": 0.0,
        "total": 0
    },
    "last_modified": 1492458452747,
    "lifts": {
        "average": 2.0,
        "max": 4,
        "min": 0,
        "std": 1.5491933384829668,
        "total": 20
    },
    "rating": {
        "average": 3.4285714285714284,
        "max": 5,
        "min": 2,
        "std": 1.049781318335648,
        "total": 24
    },
    "team_number": 63
}