{
    "drops": {
        "average": 0.1,
        "max": 1,
        "min": 0,
        "std": 0.30000000000000004,
        "total": 1
    },
    "last_modified": 1490460991081,
    "lifts": {
        "average": 0.8,
        "max": 2,
        "min": 0,
        "std": 0.8717797887081347,
        "total": 8
    },
    "rating": {
        "average": 3.3333333333333335,
        "max": 4,
        "min": 1,
        "std": 1.1055415967851334,
        "total": 20
    },
    "team_number": 6517
}