{
    "drops": {
        "average": 0.1,
        "max": 1,
        "min": 0,
        "std": 0.30000000000000004,
        "total": 1
    },
    "last_modified": 1490461053720,
    "lifts": {
        "average": 3.6,
        "max": 5,
        "min": 1,
        "std": 1.2,
        "total": 36
    },
    "rating": {
        "average": 3.8,
        "max": 5,
        "min": 3,
        "std": 0.7483314773547882,
        "total": 38
    },
    "team_number": 744
}