{
    "drops": {
        "average": 0.2,
        "max": 1,
        "min": 0,
        "std": 0.4,
        "total": 2
    },
    "last_modified": 1490461083179,
    "lifts": {
        "average": 2.3,
        "max": 5,
        "min": 0,
        "std": 1.9000000000000001,
        "total": 23
    },
    "rating": {
        "average": 3.2857142857142856,
        "max": 5,
        "min": 2,
        "std": 1.0301575072754257,
        "total": 23
    },
    "team_number": 801
}