{
    "RPs": 1.6600000000000001,
    "first_tie_breaker": 450.1666666666667,
    "last_modified": 1488346133365,
    "losses": 2,
    "played": 3,
    "rank": 18,
    "second_tie_breaker": 25.0,
    "team_number": 4905,
    "ties": 1,
    "wins": 1
}