{
    "auto_baseline": {
        "average": 0.8888888888888888,
        "max": 1.0,
        "min": 0.0,
        "std": 0.3142696805273545,
        "total": 8.0
    },
    "auto_gears": {
        "center": {
            "dropped": {
                "average": 0.0,
                "max": 0,
                "min": 0,
                "std": 0.0,
                "total": 0
            },
            "last_modified": 0,
            "placed": {
                "average": 0.0,
                "max": 0,
                "min": 0,
                "std": 0.0,
                "total": 0
            }
        },
        "far": {
            "dropped": {
                "average": 0.3333333333333333,
                "max": 1,
                "min": 0,
                "std": 0.47140452079103173,
                "total": 3
            },
            "last_modified": 0,
            "placed": {
                "average": 0.3333333333333333,
                "max": 1,
                "min": 0,
                "std": 0.47140452079103173,
                "total": 3
            }
        },
        "loading_station": {
            "dropped": {
                "average": 0.0,
                "max": 0,
                "min": 0,
                "std": 0.0,
                "total": 0
            },
            "last_modified": 0,
            "placed": {
                "average": 0.0,
                "max": 0,
                "min": 0,
                "std": 0.0,
                "total": 0
            }
        },
        "near": {
            "dropped": {
                "average": 0.0,
                "max": 0,
                "min": 0,
                "std": 0.0,
                "total": 0
            },
            "last_modified": 0,
            "placed": {
                "average": 0.3333333333333333,
                "max": 1,
                "min": 0,
                "std": 0.47140452079103173,
                "total": 3
            }
        },
        "total": {
            "dropped": {
                "average": 0.3333333333333333,
                "max": 1,
                "min": 0,
                "std": 0.47140452079103173,
                "total": 3
            },
            "last_modified": 0,
            "placed": {
                "average": 0.6666666666666666,
                "max": 1,
                "min": 0,
                "std": 0.4714045207910317,
                "total": 6
            }
        }
    },
    "auto_hoppers": {
        "average": 0.0,
        "max": 0,
        "min": 0,
        "std": 0.0,
        "total": 0
    },
    "auto_points": {
        "average": 0.0,
        "max": 0,
        "min": 0,
        "std": 0.0,
        "total": 0
    },
    "auto_shooting": {
        "high": {
            "last_modified": 0,
            "made": {
                "average": 0.8888888888888888,
                "max": 6,
                "min": 0,
                "std": 1.9116278371205837,
                "total": 8
            },
            "missed": {
                "average": 0.8888888888888888,
                "max": 8,
                "min": 0,
                "std": 2.514157444218836,
                "total": 8
            }
        },
        "last_modified": 0,
        "low": {
            "last_modified": 0,
            "made": {
                "average": 0.0,
                "max": 0,
                "min": 0,
                "std": 0.0,
                "total": 0
            },
            "missed": {
                "average": 0.0,
                "max": 0,
                "min": 0,
                "std": 0.0,
                "total": 0
            }
        }
    },
    "auto_start_position_center": 0,
    "auto_start_position_far": 5,
    "auto_start_position_near": 4,
    "climb": {
        "failed": 0,
        "fell": 0,
        "foul_credit": 1,
        "last_modified": 0,
        "no_attempt": 0,
        "success": 8,
        "success_percentage": 0.8888888888888888,
        "time": {
            "average": 6.25,
            "max": 10,
            "min": 5,
            "std": 2.165063509461097,
            "total": 50
        },
        "total": 9
    },
    "dq": {
        "average": 0.0,
        "max": 0.0,
        "min": 0.0,
        "std": 0.0,
        "total": 0
    },
    "endgame_points": {
        "average": 0.0,
        "max": 0,
        "min": 0,
        "std": 0.0,
        "total": 0
    },
    "fouls": {
        "average": 0.1111111111111111,
        "max": 1,
        "min": 0,
        "std": 0.3142696805273545,
        "total": 1
    },
    "last_modified": 1492860807778,
    "no_show": {
        "average": 0.0,
        "max": 0.0,
        "min": 0.0,
        "std": 0.0,
        "total": 0
    },
    "red_card": {
        "average": 0.0,
        "max": 0.0,
        "min": 0.0,
        "std": 0.0,
        "total": 0
    },
    "stopped_moving": {
        "average": 0.0,
        "max": 0.0,
        "min": 0.0,
        "std": 0.0,
        "total": 0
    },
    "team_number": 624,
    "tech_fouls": {
        "average": 0.0,
        "max": 0,
        "min": 0,
        "std": 0.0,
        "total": 0
    },
    "teleop_gears": {
        "center": {
            "dropped": {
                "average": 0.0,
                "max": 0,
                "min": 0,
                "std": 0.0,
                "total": 0
            },
            "last_modified": 0,
            "placed": {
                "average": 0.4444444444444444,
                "max": 2,
                "min": 0,
                "std": 0.6849348892187752,
                "total": 4
            }
        },
        "far": {
            "dropped": {
                "average": 0.0,
                "max": 0,
                "min": 0,
                "std": 0.0,
                "total": 0
            },
            "last_modified": 0,
            "placed": {
                "average": 2.2222222222222223,
                "max": 5,
                "min": 0,
                "std": 1.872477727372524,
                "total": 20
            }
        },
        "loading_station": {
            "dropped": {
                "average": 0.0,
                "max": 0,
                "min": 0,
                "std": 0.0,
                "total": 0
            },
            "last_modified": 0,
            "placed": {
                "average": 0.0,
                "max": 0,
                "min": 0,
                "std": 0.0,
                "total": 0
            }
        },
        "near": {
            "dropped": {
                "average": 0.0,
                "max": 0,
                "min": 0,
                "std": 0.0,
                "total": 0
            },
            "last_modified": 0,
            "placed": {
                "average": 1.3333333333333333,
                "max": 5,
                "min": 0,
                "std": 1.632993161855452,
                "total": 12
            }
        },
        "total": {
            "dropped": {
                "average": 0.0,
                "max": 0,
                "min": 0,
                "std": 0.0,
                "total": 0
            },
            "last_modified": 0,
            "placed": {
                "average": 4.0,
                "max": 5,
                "min": 3,
                "std": 0.816496580927726,
                "total": 36
            }
        }
    },
    "teleop_hoppers": {
        "average": 0.1111111111111111,
        "max": 1,
        "min": 0,
        "std": 0.31426968052735454,
        "total": 1
    },
    "teleop_picked_up_gears": {
        "average": 0.0,
        "max": 0,
        "min": 0,
        "std": 0.0,
        "total": 0
    },
    "teleop_points": {
        "average": 0.0,
        "max": 0,
        "min": 0,
        "std": 0.0,
        "total": 0
    },
    "teleop_shooting": {
        "high": {
            "last_modified": 0,
            "made": {
                "average": 0.0,
                "max": 0,
                "min": 0,
                "std": 0.0,