{
    "auto_baseline": {
        "average": 0.6666666666666666,
        "max": 1.0,
        "min": 0.0,
        "std": 0.4714045207910317,
        "total": 6.0
    },
    "auto_gears": {
        "center": {
            "dropped": {
                "average": 0.0,
                "max": 0,
                "min": 0,
                "std": 0.0,
                "total": 0
            },
            "last_modified": 0,
            "placed": {
                "average": 0.2222222222222222,
                "max": 1,
                "min": 0,
                "std": 0.41573970964154905,
                "total": 2
            }
        },
        "far": {
            "dropped": {
                "average": 0.1111111111111111,
                "max": 1,
                "min": 0,
                "std": 0.31426968052735454,
                "total": 1
            },
            "last_modified": 0,
            "placed": {
                "average": 0.0,
                "max": 0,
                "min": 0,
                "std": 0.0,
                "total": 0
            }
        },
        "loading_station": {
            "dropped": {
                "average": 0.0,
                "max": 0,
                "min": 0,
                "std": 0.0,
                "total": 0
            },
            "last_modified": 0,
            "placed": {
                "average": 0.0,
                "max": 0,
                "min": 0,
                "std": 0.0,
                "total": 0
            }
        },
        "near": {
            "dropped": {
                "average": 0.1111111111111111,
                "max": 1,
                "min": 0,
                "std": 0.3142696805273545,
                "total": 1
            },
            "last_modified": 0,
            "placed": {
                "average": 0.0,
                "max": 0,
                "min": 0,
                "std": 0.0,
                "total": 0
            }
        },
        "total": {
            "dropped": {
                "average": 0.2222222222222222,
                "max": 1,
                "min": 0,
                "std": 0.41573970964154905,
                "total": 2
            },
            "last_modified": 0,
            "placed": {
                "average": 0.2222222222222222,
                "max": 1,
                "min": 0,
                "std": 0.41573970964154905,
                "total": 2
            }
        }
    },
    "auto_hoppers": {
        "average": 0.0,
        "max": 0,
        "min": 0,
        "std": 0.0,
        "total": 0
    },
    "auto_points": {
        "average": 0.0,
        "max": 0,
        "min": 0,
        "std": 0.0,
        "total": 0
    },
    "auto_shooting": {
        "high": {
            "last_modified": 0,
            "made": {
                "average": 0.0,
                "max": 0,
                "min": 0,
                "std": 0.0,
                "total": 0
            },
            "missed": {
                "average": 0.0,
                "max": 0,
                "min": 0,
                "std": 0.0,
                "total": 0
            }
        },
        "last_modified": 0,
        "low": {
            "last_modified": 0,
            "made": {
                "average": 0.0,
                "max": 0,
                "min": 0,
                "std": 0.0,
                "total": 0
            },
            "missed": {
                "average": 0.0,
                "max": 0,
                "min": 0,
                "std": 0.0,
                "total": 0
            }
        }
    },
    "auto_start_position_center": 5,
    "auto_start_position_far": 1,
    "auto_start_position_near": 3,
    "climb": {
        "failed": 1,
        "fell": 0,
        "foul_credit": 0,
        "last_modified": 0,
        "no_attempt": 2,
        "success": 6,
        "success_percentage": 0.6666666666666666,
        "time": {
            "average": 10.833333333333334,
            "max": 15,
            "min": 10,
            "std": 1.863389981249825,
            "total": 65
        },
        "total": 9
    },
    "dq": {
        "average": 0.0,
        "max": 0.0,
        "min": 0.0,
        "std": 0.0,
        "total": 0
    },
    "endgame_points": {
        "average": 0.0,
        "max": 0,
        "min": 0,
        "std": 0.0,
        "total": 0
    },
    "fouls": {
        "average": 0.0,
        "max": 0,
        "min": 0,
        "std": 0.0,
        "total": 0
    },
    "last_modified": 1492860844869,
    "no_show": {
        "average": 0.0,
        "max": 0.0,
        "min": 0.0,
        "std": 0.0,
        "total": 0
    },
    "red_card": {
        "average": 0.0,
        "max": 0.0,
        "min": 0.0,
        "std": 0.0,
        "total": 0
    },
    "stopped_moving": {
        "average": 0.2222222222222222,
        "max": 1.0,
        "min": 0.0,
        "std": 0.41573970964154905,
        "total": 2.0
    },
    "team_number": 6560,
    "tech_fouls": {
        "average": 0.0,
        "max": 0,
        "min": 0,
        "std": 0.0,
        "total": 0
    },
    "teleop_gears": {
        "center": {
            "dropped": {
                "average": 0.1111111111111111,
                "max": 1,
                "min": 0,
                "std": 0.3142696805273545,
                "total": 1
            },
            "last_modified": 0,
            "placed": {
                "average": 1.1111111111111112,
                "max": 3,
                "min": 0,
                "std": 0.9938079899999066,
                "total": 10
            }
        },
        "far": {
            "dropped": {
                "average": 0.0,
                "max": 0,
                "min": 0,
                "std": 0.0,
                "total": 0
            },
            "last_modified": 0,
            "placed": {
                "average": 0.4444444444444444,
                "max": 3,
                "min": 0,
                "std": 0.9558139185602919,
                "total": 4
            }
        },
        "loading_station": {
            "dropped": {
                "average": 0.2222222222222222,
                "max": 2,
                "min": 0,
                "std": 0.6285393610547089,
                "total": 2
            },
            "last_modified": 0,
            "placed": {
                "average": 0.0,
                "max": 0,
                "min": 0,
                "std": 0.0,
                "total": 0
            }
        },
        "near": {
            "dropped": {
                "average": 0.0,
                "max": 0,
                "min": 0,
                "std": 0.0,
                "total": 0
            },
            "last_modified": 0,
            "placed": {
                "average": 0.6666666666666666,
                "max": 2,
                "min": 0,
                "std": 0.6666666666666667,
                "total": 6
            }
        },
        "total": {
            "dropped": {
                "average": 0.3333333333333333,
                "max": 2,
                "min": 0,
                "std": 0.6666666666666667,
                "total": 3
            },
            "last_modified": 0,
            "placed": {
                "average": 2.2222222222222223,
                "max": 4,
                "min": 0,
                "std": 1.1331154474650633,
                "total": 20
            }
        }
    },
    "teleop_hoppers": {
        "average": 0.0,
        "max": 0,
        "min": 0,
        "std": 0.0,
        "total": 0
    },
    "teleop_picked_up_gears": {
        "average": 0.0,
        "max": 0,
        "min": 0,
        "std": 0.0,
        "total": 0
    },
    "teleop_points": {
        "average": 0.0,
        "max": 0,
        "min": 0,
        "std": 0.0,
        "total": 0
    },
    "teleop_shooting": {
        "high": {
            "last_modified": 0,
            "made": {
                "average": 0.0,
                "max": 0,
                "min": 0,