{
    "drops": {
        "average": 0.0,
        "max": 0,
        "min": 0,
        "std": 0.0,
        "total": 0
    },
    "last_modified": 1492781166388,
    "lifts": {
        "average": 3.6,
        "max": 7,
        "min": 0,
        "std": 3.0066592756745814,
        "total": 18
    },
    "rating": {
        "average": 4.0,
        "max": 5,
        "min": 3,
        "std": 0.816496580927726,
        "total": 12
    },
    "team_number": 1002
}