{
    "drops": {
        "average": 0.0,
        "max": 0,
        "min": 0,
        "std": 0.0,
        "total": 0
    },
    "last_modified": 1492860464841,
    "lifts": {
        "average": 4.9,
        "max": 7,
        "min": 3,
        "std": 1.2206555615733703,
        "total": 49
    },
    "rating": {
        "average": 3.7,
        "max": 5,
        "min": 3,
        "std": 0.7810249675906654,
        "total": 37
    },
    "team_number": 1414
}