{
    "drops": {
        "average": 0.0,
        "max": 0,
        "min": 0,
        "std": 0.0,
        "total": 0
    },
    "last_modified": 1492860552981,
    "lifts": {
        "average": 2.9,
        "max": 6,
        "min": 0,
        "std": 2.3430749027719964,
        "total": 29
    },
    "rating": {
        "average": 3.7142857142857144,
        "max": 4,
        "min": 3,
        "std": 0.4517539514526256,
        "total": 26
    },
    "team_number": 175
}