{
    "drops": {
        "average": 0.1,
        "max": 1,
        "min": 0,
        "std": 0.30000000000000004,
        "total": 1
    },
    "last_modified": 1492860578813,
    "lifts": {
        "average": 4.6,
        "max": 7,
        "min": 2,
        "std": 1.42828568570857,
        "total": 46
    },
    "rating": {
        "average": 3.5,
        "max": 5,
        "min": 3,
        "std": 0.806225774829855,
        "total": 35
    },
    "team_number": 2478
}