{
    "drops": {
        "average": 0.0,
        "max": 0,
        "min": 0,
        "std": 0.0,
        "total": 0
    },
    "last_modified": 1492860594223,
    "lifts": {
        "average": 0.9,
        "max": 5,
        "min": 0,
        "std": 1.8138357147217055,
        "total": 9
    },
    "rating": {
        "average": 4.0,
        "max": 5,
        "min": 3,
        "std": 0.816496580927726,
        "total": 12
    },
    "team_number": 2655
}