{
    "drops": {
        "average": 0.0,
        "max": 0,
        "min": 0,
        "std": 0.0,
        "total": 0
    },
    "last_modified": 1492787016082,
    "lifts": {
        "average": 3.2,
        "max": 5,
        "min": 2,
        "std": 0.9797958971132712,
        "total": 16
    },
    "rating": {
        "average": 3.0,
        "max": 4,
        "min": 2,
        "std": 0.6324555320336759,
        "total": 15
    },
    "team_number": 2881
}