{
    "drops": {
        "average": 0.1,
        "max": 1,
        "min": 0,
        "std": 0.30000000000000004,
        "total": 1
    },
    "last_modified": 1492860610671,
    "lifts": {
        "average": 3.4,
        "max": 7,
        "min": 0,
        "std": 2.2891046284519194,
        "total": 34
    },
    "rating": {
        "average": 3.375,
        "max": 5,
        "min": 1,
        "std": 1.1110243021644486,
        "total": 27
    },
    "team_number": 2928
}