{
    "drops": {
        "average": 0.0,
        "max": 0,
        "min": 0,
        "std": 0.0,
        "total": 0
    },
    "last_modified": 1492783588870,
    "lifts": {
        "average": 5.6,
        "max": 8,
        "min": 3,
        "std": 1.7435595774162693,
        "total": 28
    },
    "rating": {
        "average": 4.2,
        "max": 5,
        "min": 3,
        "std": 0.7483314773547882,
        "total": 21
    },
    "team_number": 365
}