{
    "drops": {
        "average": 0.0,
        "max": 0,
        "min": 0,
        "std": 0.0,
        "total": 0
    },
    "last_modified": 1492719951677,
    "lifts": {
        "average": 1.3333333333333333,
        "max": 4,
        "min": 0,
        "std": 1.8856180831641267,
        "total": 4
    },
    "rating": {
        "average": 3.0,
        "max": 3,
        "min": 3,
        "std": 0.0,
        "total": 3
    },
    "team_number": 3653
}