{
    "drops": {
        "average": 0.0,
        "max": 0,
        "min": 0,
        "std": 0.0,
        "total": 0
    },
    "last_modified": 1492860677969,
    "lifts": {
        "average": 2.5,
        "max": 6,
        "min": 0,
        "std": 1.91049731745428,
        "total": 25
    },
    "rating": {
        "average": 3.3333333333333335,
        "max": 5,
        "min": 2,
        "std": 0.9428090415820634,
        "total": 20
    },
    "team_number": 4060
}