{
    "drops": {
        "average": 0.1,
        "max": 1,
        "min": 0,
        "std": 0.30000000000000004,
        "total": 1
    },
    "last_modified": 1492860691137,
    "lifts": {
        "average": 0.8,
        "max": 3,
        "min": 0,
        "std": 1.077032961426901,
        "total": 8
    },
    "rating": {
        "average": 1.6666666666666667,
        "max": 3,
        "min": 1,
        "std": 0.9428090415820634,
        "total": 5
    },
    "team_number": 4191
}