{
    "drops": {
        "average": 0.0,
        "max": 0,
        "min": 0,
        "std": 0.0,
        "total": 0
    },
    "last_modified": 1492860707467,
    "lifts": {
        "average": 3.9,
        "max": 7,
        "min": 0,
        "std": 2.5475478405713994,
        "total": 39
    },
    "rating": {
        "average": 3.875,
        "max": 5,
        "min": 3,
        "std": 0.7806247497997998,
        "total": 31
    },
    "team_number": 4276
}