{
    "drops": {
        "average": 0.0,
        "max": 0,
        "min": 0,
        "std": 0.0,
        "total": 0
    },
    "last_modified": 1492860723377,
    "lifts": {
        "average": 2.1,
        "max": 5,
        "min": 0,
        "std": 2.2561028345356955,
        "total": 21
    },
    "rating": {
        "average": 3.2,
        "max": 4,
        "min": 3,
        "std": 0.39999999999999997,
        "total": 16
    },
    "team_number": 441
}