{
    "drops": {
        "average": 0.1,
        "max": 1,
        "min": 0,
        "std": 0.30000000000000004,
        "total": 1
    },
    "last_modified": 1492860739348,
    "lifts": {
        "average": 3.4,
        "max": 6,
        "min": 0,
        "std": 1.9595917942265426,
        "total": 34
    },
    "rating": {
        "average": 3.4285714285714284,
        "max": 5,
        "min": 2,
        "std": 0.9035079029052513,
        "total": 24
    },
    "team_number": 4592
}