{
    "drops": {
        "average": 0.2,
        "max": 1,
        "min": 0,
        "std": 0.4000000000000001,
        "total": 1
    },
    "last_modified": 1492786458427,
    "lifts": {
        "average": 2.2,
        "max": 5,
        "min": 0,
        "std": 1.9390719429665317,
        "total": 11
    },
    "rating": {
        "average": 2.6666666666666665,
        "max": 3,
        "min": 2,
        "std": 0.4714045207910317,
        "total": 8
    },
    "team_number": 4592
}