{
    "drops": {
        "average": 0.1,
        "max": 1,
        "min": 0,
        "std": 0.30000000000000004,
        "total": 1
    },
    "last_modified": 1492860754570,
    "lifts": {
        "average": 3.1,
        "max": 6,
        "min": 0,
        "std": 2.2113344387495983,
        "total": 31
    },
    "rating": {
        "average": 3.7142857142857144,
        "max": 5,
        "min": 3,
        "std": 0.6998542122237652,
        "total": 26
    },
    "team_number": 5026
}