{
    "drops": {
        "average": 0.0,
        "max": 0,
        "min": 0,
        "std": 0.0,
        "total": 0
    },
    "last_modified": 1492725485676,
    "lifts": {
        "average": 3.75,
        "max": 4,
        "min": 3,
        "std": 0.4330127018922193,
        "total": 15
    },
    "rating": {
        "average": 3.25,
        "max": 4,
        "min": 3,
        "std": 0.4330127018922193,
        "total": 13
    },
    "team_number": 5515
}