{
    "drops": {
        "average": 0.0,
        "max": 0,
        "min": 0,
        "std": 0.0,
        "total": 0
    },
    "last_modified": 1492785839224,
    "lifts": {
        "average": 5.6,
        "max": 7,
        "min": 3,
        "std": 1.4966629547095764,
        "total": 28
    },
    "rating": {
        "average": 4.2,
        "max": 5,
        "min": 3,
        "std": 0.7483314773547882,
        "total": 21
    },
    "team_number": 5803
}