{
    "drops": {
        "average": 0.0,
        "max": 0,
        "min": 0,
        "std": 0.0,
        "total": 0
    },
    "last_modified": 1492780302647,
    "lifts": {
        "average": 3.0,
        "max": 5,
        "min": 0,
        "std": 1.6733200530681511,
        "total": 15
    },
    "rating": {
        "average": 3.0,
        "max": 4,
        "min": 2,
        "std": 0.7071067811865476,
        "total": 12
    },
    "team_number": 6304
}