{
    "drops": {
        "average": 0.1,
        "max": 1,
        "min": 0,
        "std": 0.30000000000000004,
        "total": 1
    },
    "last_modified": 1492860822771,
    "lifts": {
        "average": 3.4,
        "max": 6,
        "min": 0,
        "std": 2.1540659228538015,
        "total": 34
    },
    "rating": {
        "average": 3.142857142857143,
        "max": 5,
        "min": 1,
        "std": 1.5518257844571737,
        "total": 22
    },
    "team_number": 6325
}