{
    "drops": {
        "average": 0.0,
        "max": 0,
        "min": 0,
        "std": 0.0,
        "total": 0
    },
    "last_modified": 1492783554296,
    "lifts": {
        "average": 1.6,
        "max": 5,
        "min": 0,
        "std": 2.0591260281974,
        "total": 8
    },
    "rating": {
        "average": 3.3333333333333335,
        "max": 4,
        "min": 2,
        "std": 0.9428090415820634,
        "total": 10
    },
    "team_number": 6560
}