{
    "auto_baseline": {
        "average": 0.5714285714285714,
        "max": 1.0,
        "min": 0.0,
        "std": 0.4948716593053935,
        "total": 4.0
    },
    "auto_gears": {
        "center": {
            "dropped": {
                "average": 0.14285714285714285,
                "max": 1,
                "min": 0,
                "std": 0.3499271061118826,
                "total": 1
            },
            "last_modified": 0,
            "placed": {
                "average": 0.2857142857142857,
                "max": 1,
                "min": 0,
                "std": 0.45175395145262565,
                "total": 2
            }
        },
        "far": {
            "dropped": {
                "average": 0.0,
                "max": 0,
                "min": 0,
                "std": 0.0,
                "total": 0
            },
            "last_modified": 0,
            "placed": {
                "average": 0.2857142857142857,
                "max": 1,
                "min": 0,
                "std": 0.45175395145262565,
                "total": 2
            }
        },
        "near": {
            "dropped": {
                "average": 0.0,
                "max": 0,
                "min": 0,
                "std": 0.0,
                "total": 0
            },
            "last_modified": 0,
            "placed": {
                "average": 0.14285714285714285,
                "max": 1,
                "min": 0,
                "std": 0.3499271061118826,
                "total": 1
            }
        },
        "total": {
            "dropped": {
                "average": 0.14285714285714285,
                "max": 1,
                "min": 0,
                "std": 0.3499271061118826,
                "total": 1
            },
            "last_modified": 0,
            "placed": {
                "average": 0.7142857142857143,
                "max": 1,
                "min": 0,
                "std": 0.45175395145262565,
                "total": 5
            }
        }
    },
    "auto_hoppers": {
        "average": 0.0,
        "max": 0,
        "min": 0,
        "std": 0.0,
        "total": 0
    },
    "auto_points": {
        "average": 0.0,
        "max": 0,
        "min": 0,
        "std": 0.0,
        "total": 0
    },
    "auto_shooting": {
        "high": {
            "last_modified": 0,
            "made": {
                "average": 0.0,
                "max": 0,
                "min": 0,
                "std": 0.0,
                "total": 0
            },
            "missed": {
                "average": 0.0,
                "max": 0,
                "min": 0,
                "std": 0.0,
                "total": 0
            }
        },
        "last_modified": 0,
        "low": {
            "last_modified": 0,
            "made": {
                "average": 0.0,
                "max": 0,
                "min": 0,
                "std": 0.0,
                "total": 0
            },
            "missed": {
                "average": 0.0,
                "max": 0,
                "min": 0,
                "std": 0.0,
                "total": 0
            }
        }
    },
    "auto_start_position_center": 5,
    "auto_start_position_far": 1,
    "auto_start_position_near": 1,
    "climb": {
        "failed": 3,
        "fell": 0,
        "foul_credit": 0,
        "last_modified": 0,
        "no_attempt": 0,
        "success": 4,
        "success_percentage": 0.5714285714285714,
        "time": {
            "average": 10.0,
            "max": 10,
            "min": 10,
            "std": 0.0,
            "total": 30
        },
        "total": 7
    },
    "dq": {
        "average": 0.14285714285714285,
        "max": 1.0,
        "min": 0.0,
        "std": 0.3499271061118826,
        "total": 1.0
    },
    "endgame_points": {
        "average": 0.0,
        "max": 0,
        "min": 0,
        "std": 0.0,
        "total": 0
    },
    "fouls": {
        "average": 0.0,
        "max": 0,
        "min": 0,
        "std": 0.0,
        "total": 0
    },
    "last_modified": 1490404969343,
    "no_show": {
        "average": 0.0,
        "max": 0.0,
        "min": 0.0,
        "std": 0.0,
        "total": 0
    },
    "red_card": {
        "average": 0.0,
        "max": 0.0,
        "min": 0.0,
        "std": 0.0,
        "total": 0
    },
    "stopped_moving": {
        "average": 0.0,
        "max": 0.0,
        "min": 0.0,
        "std": 0.0,
        "total": 0
    },
    "team_number": 108,
    "tech_fouls": {
        "average": 0.0,
        "max": 0,
        "min": 0,
        "std": 0.0,
        "total": 0
    },
    "teleop_gears": {
        "center": {
            "dropped": {
                "average": 0.14285714285714285,
                "max": 1,
                "min": 0,
                "std": 0.34992710611188266,
                "total": 1
            },
            "last_modified": 0,
            "placed": {
                "average": 0.42857142857142855,
                "max": 1,
                "min": 0,
                "std": 0.49487165930539345,
                "total": 3
            }
        },
        "far": {
            "dropped": {
                "average": 0.14285714285714285,
                "max": 1,
                "min": 0,
                "std": 0.34992710611188266,
                "total": 1
            },
            "last_modified": 0,
            "placed": {
                "average": 0.8571428571428571,
                "max": 4,
                "min": 0,
                "std": 1.355261854357877,
                "total": 6
            }
        },
        "near": {
            "dropped": {
                "average": 0.14285714285714285,
                "max": 1,
                "min": 0,
                "std": 0.34992710611188266,
                "total": 1
            },
            "last_modified": 0,
            "placed": {
                "average": 0.42857142857142855,
                "max": 3,
                "min": 0,
                "std": 1.049781318335648,
                "total": 3
            }
        },
        "total": {
            "dropped": {
                "average": 0.42857142857142855,
                "max": 2,
                "min": 0,
                "std": 0.7284313590846835,
                "total": 3
            },
            "last_modified": 0,
            "placed": {
                "average": 1.7142857142857142,
                "max": 4,
                "min": 0,
                "std": 1.2777531299998797,
                "total": 12
            }
        }
    },
    "teleop_hoppers": {
        "average": 0.0,
        "max": 0,
        "min": 0,
        "std": 0.0,
        "total": 0
    },
    "teleop_picked_up_gears": {
        "average": 0.0,
        "max": 0,
        "min": 0,
        "std": 0.0,
        "total": 0
    },
    "teleop_points": {
        "average": 0.0,
        "max": 0,
        "min": 0,
        "std": 0.0,
        "total": 0
    },
    "teleop_shooting": {
        "high": {
            "last_modified": 0,
            "made": {
                "average": 0.5714285714285714,
                "max": 2,
                "min": 0,
                "std": 0.7284313590846836,
                "total": 4
            },
            "missed": {
                "average": 3.142857142857143,
                "max": 15,
                "min": 0,
                "std": 5.409741779646139,
                "total": 22
            }
        },
        "last_modified": 0,
        "low": {
            "last_modified": 0,
            "made": {
                "average": 0.0,
                "max": 0,
                "min": 0,
                "std": 0.0,
                "total": 0
            },
            "missed": {
                "average": 0.0,
                "max": 0,
                "min": 0,
                "std": 0.0,
                "total": 0
            }
        }
    },
    "total_points": {
        "average": 0,