{
    "auto_baseline": {
        "average": 0.42857142857142855,
        "max": 1.0,
        "min": 0.0,
        "std": 0.49487165930539345,
        "total": 3.0
    },
    "auto_gears": {
        "center": {
            "dropped": {
                "average": 0.14285714285714285,
                "max": 1,
                "min": 0,
                "std": 0.34992710611188266,
                "total": 1
            },
            "last_modified": 0,
            "placed": {
                "average": 0.14285714285714285,
                "max": 1,
                "min": 0,
                "std": 0.34992710611188266,
                "total": 1
            }
        },
        "far": {
            "dropped": {
                "average": 0.0,
                "max": 0,
                "min": 0,
                "std": 0.0,
                "total": 0
            },
            "last_modified": 0,
            "placed": {
                "average": 0.2857142857142857,
                "max": 1,
                "min": 0,
                "std": 0.45175395145262565,
                "total": 2
            }
        },
        "near": {
            "dropped": {
                "average": 0.0,
                "max": 0,
                "min": 0,
                "std": 0.0,
                "total": 0
            },
            "last_modified": 0,
            "placed": {
                "average": 0.2857142857142857,
                "max": 1,
                "min": 0,
                "std": 0.4517539514526256,
                "total": 2
            }
        },
        "total": {
            "dropped": {
                "average": 0.14285714285714285,
                "max": 1,
                "min": 0,
                "std": 0.34992710611188266,
                "total": 1
            },
            "last_modified": 0,
            "placed": {
                "average": 0.7142857142857143,
                "max": 1,
                "min": 0,
                "std": 0.45175395145262565,
                "total": 5
            }
        }
    },
    "auto_hoppers": {
        "average": 0.0,
        "max": 0,
        "min": 0,
        "std": 0.0,
        "total": 0
    },
    "auto_points": {
        "average": 0.0,
        "max": 0,
        "min": 0,
        "std": 0.0,
        "total": 0
    },
    "auto_shooting": {
        "high": {
            "last_modified": 0,
            "made": {
                "average": 0.42857142857142855,
                "max": 3,
                "min": 0,
                "std": 1.049781318335648,
                "total": 3
            },
            "missed": {
                "average": 1.0,
                "max": 7,
                "min": 0,
                "std": 2.449489742783178,
                "total": 7
            }
        },
        "last_modified": 0,
        "low": {
            "last_modified": 0,
            "made": {
                "average": 0.0,
                "max": 0,
                "min": 0,
                "std": 0.0,
                "total": 0
            },
            "missed": {
                "average": 0.0,
                "max": 0,
                "min": 0,
                "std": 0.0,
                "total": 0
            }
        }
    },
    "auto_start_position_center": 3,
    "auto_start_position_far": 0,
    "auto_start_position_near": 4,
    "climb": {
        "failed": 0,
        "fell": 0,
        "foul_credit": 0,
        "last_modified": 0,
        "no_attempt": 0,
        "success": 7,
        "success_percentage": 1.0,
        "time": {
            "average": 6.428571428571429,
            "max": 10,
            "min": 5,
            "std": 2.2587697572631282,
            "total": 45
        },
        "total": 7
    },
    "dq": {
        "average": 0.0,
        "max": 0.0,
        "min": 0.0,
        "std": 0.0,
        "total": 0
    },
    "endgame_points": {
        "average": 0.0,
        "max": 0,
        "min": 0,
        "std": 0.0,
        "total": 0
    },
    "fouls": {
        "average": 0.0,
        "max": 0,
        "min": 0,
        "std": 0.0,
        "total": 0
    },
    "last_modified": 1490405233892,
    "no_show": {
        "average": 0.0,
        "max": 0.0,
        "min": 0.0,
        "std": 0.0,
        "total": 0
    },
    "red_card": {
        "average": 0.0,
        "max": 0.0,
        "min": 0.0,
        "std": 0.0,
        "total": 0
    },
    "stopped_moving": {
        "average": 0.0,
        "max": 0.0,
        "min": 0.0,
        "std": 0.0,
        "total": 0
    },
    "team_number": 3824,
    "tech_fouls": {
        "average": 0.0,
        "max": 0,
        "min": 0,
        "std": 0.0,
        "total": 0
    },
    "teleop_gears": {
        "center": {
            "dropped": {
                "average": 0.0,
                "max": 0,
                "min": 0,
                "std": 0.0,
                "total": 0
            },
            "last_modified": 0,
            "placed": {
                "average": 2.0,
                "max": 4,
                "min": 0,
                "std": 1.3093073414159542,
                "total": 14
            }
        },
        "far": {
            "dropped": {
                "average": 0.0,
                "max": 0,
                "min": 0,
                "std": 0.0,
                "total": 0
            },
            "last_modified": 0,
            "placed": {
                "average": 0.8571428571428571,
                "max": 4,
                "min": 0,
                "std": 1.456862718169367,
                "total": 6
            }
        },
        "near": {
            "dropped": {
                "average": 0.0,
                "max": 0,
                "min": 0,
                "std": 0.0,
                "total": 0
            },
            "last_modified": 0,
            "placed": {
                "average": 0.7142857142857143,
                "max": 2,
                "min": 0,
                "std": 0.8806305718527109,
                "total": 5
            }
        },
        "total": {
            "dropped": {
                "average": 0.0,
                "max": 0,
                "min": 0,
                "std": 0.0,
                "total": 0
            },
            "last_modified": 0,
            "placed": {
                "average": 3.5714285714285716,
                "max": 4,
                "min": 3,
                "std": 0.4948716593053935,
                "total": 25
            }
        }
    },
    "teleop_hoppers": {
        "average": 0.14285714285714285,
        "max": 1,
        "min": 0,
        "std": 0.34992710611188266,
        "total": 1
    },
    "teleop_picked_up_gears": {
        "average": 2.4285714285714284,
        "max": 4,
        "min": 0,
        "std": 1.5907898179514348,
        "total": 17
    },
    "teleop_points": {
        "average": 0.0,
        "max": 0,
        "min": 0,
        "std": 0.0,
        "total": 0
    },
    "teleop_shooting": {
        "high": {
            "last_modified": 0,
            "made": {
                "average": 1.0,
                "max": 5,
                "min": 0,
                "std": 1.7728105208558367,
                "total": 7
            },
            "missed": {
                "average": 1.8571428571428572,
                "max": 8,
                "min": 0,
                "std": 3.043896536094645,
                "total": 13
            }
        },
        "last_modified": 0,
        "low": {
            "last_modified": 0,
            "made": {
                "average": 0.0,
                "max": 0,
                "min": 0,
                "std": 0.0,
                "total": 0
            },
            "missed": {
                "average": 0.0,
                "max": 0,
                "min": 0,
                "std": 0.0,
                "total": 0
            }
        }
    },
    "total_points": {
        "average": 0,
        "max": 0,
        "min": 0,
        "std": 0,