{
    "auto_baseline": {
        "average": 0.7142857142857143,
        "max": 1.0,
        "min": 0.0,
        "std": 0.45175395145262565,
        "total": 5.0
    },
    "auto_gears": {
        "center": {
            "dropped": {
                "average": 0.0,
                "max": 0,
                "min": 0,
                "std": 0.0,
                "total": 0
            },
            "last_modified": 0,
            "placed": {
                "average": 0.2857142857142857,
                "max": 1,
                "min": 0,
                "std": 0.45175395145262565,
                "total": 2
            }
        },
        "far": {
            "dropped": {
                "average": 0.14285714285714285,
                "max": 1,
                "min": 0,
                "std": 0.3499271061118826,
                "total": 1
            },
            "last_modified": 0,
            "placed": {
                "average": 0.14285714285714285,
                "max": 1,
                "min": 0,
                "std": 0.34992710611188266,
                "total": 1
            }
        },
        "near": {
            "dropped": {
                "average": 0.0,
                "max": 0,
                "min": 0,
                "std": 0.0,
                "total": 0
            },
            "last_modified": 0,
            "placed": {
                "average": 0.0,
                "max": 0,
                "min": 0,
                "std": 0.0,
                "total": 0
            }
        },
        "total": {
            "dropped": {
                "average": 0.14285714285714285,
                "max": 1,
                "min": 0,
                "std": 0.3499271061118826,
                "total": 1
            },
            "last_modified": 0,
            "placed": {
                "average": 0.42857142857142855,
                "max": 1,
                "min": 0,
                "std": 0.49487165930539345,
                "total": 3
            }
        }
    },
    "auto_hoppers": {
        "average": 0.0,
        "max": 0,
        "min": 0,
        "std": 0.0,
        "total": 0
    },
    "auto_points": {
        "average": 0.0,
        "max": 0,
        "min": 0,
        "std": 0.0,
        "total": 0
    },
    "auto_shooting": {
        "high": {
            "last_modified": 0,
            "made": {
                "average": 0.0,
                "max": 0,
                "min": 0,
                "std": 0.0,
                "total": 0
            },
            "missed": {
                "average": 0.0,
                "max": 0,
                "min": 0,
                "std": 0.0,
                "total": 0
            }
        },
        "last_modified": 0,
        "low": {
            "last_modified": 0,
            "made": {
                "average": 0.0,
                "max": 0,
                "min": 0,
                "std": 0.0,
                "total": 0
            },
            "missed": {
                "average": 0.0,
                "max": 0,
                "min": 0,
                "std": 0.0,
                "total": 0
            }
        }
    },
    "auto_start_position_center": 3,
    "auto_start_position_far": 4,
    "auto_start_position_near": 0,
    "climb": {
        "failed": 2,
        "fell": 0,
        "foul_credit": 0,
        "last_modified": 0,
        "no_attempt": 1,
        "success": 4,
        "success_percentage": 0.5714285714285714,
        "time": {
            "average": 10.0,
            "max": 15,
            "min": 5,
            "std": 3.5355339059327378,
            "total": 40
        },
        "total": 7
    },
    "dq": {
        "average": 0.0,
        "max": 0.0,
        "min": 0.0,
        "std": 0.0,
        "total": 0
    },
    "endgame_points": {
        "average": 0.0,
        "max": 0,
        "min": 0,
        "std": 0.0,
        "total": 0
    },
    "fouls": {
        "average": 0.0,
        "max": 0,
        "min": 0,
        "std": 0.0,
        "total": 0
    },
    "last_modified": 1490405251455,
    "no_show": {
        "average": 0.0,
        "max": 0.0,
        "min": 0.0,
        "std": 0.0,
        "total": 0
    },
    "red_card": {
        "average": 0.0,
        "max": 0.0,
        "min": 0.0,
        "std": 0.0,
        "total": 0
    },
    "stopped_moving": {
        "average": 0.0,
        "max": 0.0,
        "min": 0.0,
        "std": 0.0,
        "total": 0
    },
    "team_number": 3843,
    "tech_fouls": {
        "average": 0.0,
        "max": 0,
        "min": 0,
        "std": 0.0,
        "total": 0
    },
    "teleop_gears": {
        "center": {
            "dropped": {
                "average": 0.0,
                "max": 0,
                "min": 0,
                "std": 0.0,
                "total": 0
            },
            "last_modified": 0,
            "placed": {
                "average": 0.14285714285714285,
                "max": 1,
                "min": 0,
                "std": 0.3499271061118826,
                "total": 1
            }
        },
        "far": {
            "dropped": {
                "average": 0.2857142857142857,
                "max": 1,
                "min": 0,
                "std": 0.4517539514526256,
                "total": 2
            },
            "last_modified": 0,
            "placed": {
                "average": 0.8571428571428571,
                "max": 2,
                "min": 0,
                "std": 0.6388765649999398,
                "total": 6
            }
        },
        "near": {
            "dropped": {
                "average": 0.0,
                "max": 0,
                "min": 0,
                "std": 0.0,
                "total": 0
            },
            "last_modified": 0,
            "placed": {
                "average": 0.42857142857142855,
                "max": 1,
                "min": 0,
                "std": 0.49487165930539345,
                "total": 3
            }
        },
        "total": {
            "dropped": {
                "average": 0.2857142857142857,
                "max": 1,
                "min": 0,
                "std": 0.4517539514526256,
                "total": 2
            },
            "last_modified": 0,
            "placed": {
                "average": 1.4285714285714286,
                "max": 2,
                "min": 1,
                "std": 0.4948716593053935,
                "total": 10
            }
        }
    },
    "teleop_hoppers": {
        "average": 0.0,
        "max": 0,
        "min": 0,
        "std": 0.0,
        "total": 0
    },
    "teleop_picked_up_gears": {
        "average": 0.0,
        "max": 0,
        "min": 0,
        "std": 0.0,
        "total": 0
    },
    "teleop_points": {
        "average": 0.0,
        "max": 0,
        "min": 0,
        "std": 0.0,
        "total": 0
    },
    "teleop_shooting": {
        "high": {
            "last_modified": 0,
            "made": {
                "average": 0.0,
                "max": 0,
                "min": 0,
                "std": 0.0,
                "total": 0
            },
            "missed": {
                "average": 0.0,
                "max": 0,
                "min": 0,
                "std": 0.0,
                "total": 0
            }
        },
        "last_modified": 0,
        "low": {
            "last_modified": 0,
            "made": {
                "average": 0.0,
                "max": 0,
                "min": 0,
                "std": 0.0,
                "total": 0
            },
            "missed": {
                "average": 0.0,
                "max": 0,
                "min": 0,
                "std": 0.0,
                "total": 0
            }
        }
    },
    "total_points": {
        "average": 0,
        "max": 0,
        "min": 0,
        "std": 0,
        "total": 0
    },
    "yellow_card": {
        "average": 0.14285714285714285,
        "max": 1.0,