{
    "auto_baseline": {
        "average": 0.8571428571428571,
        "max": 1.0,
        "min": 0.0,
        "std": 0.3499271061118826,
        "total": 6.0
    },
    "auto_gears": {
        "center": {
            "dropped": {
                "average": 0.2857142857142857,
                "max": 1,
                "min": 0,
                "std": 0.45175395145262565,
                "total": 2
            },
            "last_modified": 0,
            "placed": {
                "average": 0.2857142857142857,
                "max": 1,
                "min": 0,
                "std": 0.45175395145262565,
                "total": 2
            }
        },
        "far": {
            "dropped": {
                "average": 0.14285714285714285,
                "max": 1,
                "min": 0,
                "std": 0.34992710611188266,
                "total": 1
            },
            "last_modified": 0,
            "placed": {
                "average": 0.0,
                "max": 0,
                "min": 0,
                "std": 0.0,
                "total": 0
            }
        },
        "near": {
            "dropped": {
                "average": 0.0,
                "max": 0,
                "min": 0,
                "std": 0.0,
                "total": 0
            },
            "last_modified": 0,
            "placed": {
                "average": 0.0,
                "max": 0,
                "min": 0,
                "std": 0.0,
                "total": 0
            }
        },
        "total": {
            "dropped": {
                "average": 0.42857142857142855,
                "max": 1,
                "min": 0,
                "std": 0.49487165930539345,
                "total": 3
            },
            "last_modified": 0,
            "placed": {
                "average": 0.2857142857142857,
                "max": 1,
                "min": 0,
                "std": 0.45175395145262565,
                "total": 2
            }
        }
    },
    "auto_hoppers": {
        "average": 0.0,
        "max": 0,
        "min": 0,
        "std": 0.0,
        "total": 0
    },
    "auto_points": {
        "average": 0.0,
        "max": 0,
        "min": 0,
        "std": 0.0,
        "total": 0
    },
    "auto_shooting": {
        "high": {
            "last_modified": 0,
            "made": {
                "average": 0.0,
                "max": 0,
                "min": 0,
                "std": 0.0,
                "total": 0
            },
            "missed": {
                "average": 0.0,
                "max": 0,
                "min": 0,
                "std": 0.0,
                "total": 0
            }
        },
        "last_modified": 0,
        "low": {
            "last_modified": 0,
            "made": {
                "average": 0.0,
                "max": 0,
                "min": 0,
                "std": 0.0,
                "total": 0
            },
            "missed": {
                "average": 0.0,
                "max": 0,
                "min": 0,
                "std": 0.0,
                "total": 0
            }
        }
    },
    "auto_start_position_center": 4,
    "auto_start_position_far": 3,
    "auto_start_position_near": 0,
    "climb": {
        "failed": 2,
        "fell": 1,
        "foul_credit": 0,
        "last_modified": 0,
        "no_attempt": 3,
        "success": 1,
        "success_percentage": 0.14285714285714285,
        "time": {
            "average": 20.0,
            "max": 20,
            "min": 20,
            "std": 0.0,
            "total": 20
        },
        "total": 7
    },
    "dq": {
        "average": 0.0,
        "max": 0.0,
        "min": 0.0,
        "std": 0.0,
        "total": 0
    },
    "endgame_points": {
        "average": 0.0,
        "max": 0,
        "min": 0,
        "std": 0.0,
        "total": 0
    },
    "fouls": {
        "average": 0.0,
        "max": 0,
        "min": 0,
        "std": 0.0,
        "total": 0
    },
    "last_modified": 1490405270657,
    "no_show": {
        "average": 0.0,
        "max": 0.0,
        "min": 0.0,
        "std": 0.0,
        "total": 0
    },
    "red_card": {
        "average": 0.0,
        "max": 0.0,
        "min": 0.0,
        "std": 0.0,
        "total": 0
    },
    "stopped_moving": {
        "average": 0.0,
        "max": 0.0,
        "min": 0.0,
        "std": 0.0,
        "total": 0
    },
    "team_number": 3844,
    "tech_fouls": {
        "average": 0.0,
        "max": 0,
        "min": 0,
        "std": 0.0,
        "total": 0
    },
    "teleop_gears": {
        "center": {
            "dropped": {
                "average": 0.0,
                "max": 0,
                "min": 0,
                "std": 0.0,
                "total": 0
            },
            "last_modified": 0,
            "placed": {
                "average": 0.8571428571428571,
                "max": 2,
                "min": 0,
                "std": 0.8329931278350428,
                "total": 6
            }
        },
        "far": {
            "dropped": {
                "average": 0.0,
                "max": 0,
                "min": 0,
                "std": 0.0,
                "total": 0
            },
            "last_modified": 0,
            "placed": {
                "average": 0.2857142857142857,
                "max": 1,
                "min": 0,
                "std": 0.4517539514526256,
                "total": 2
            }
        },
        "near": {
            "dropped": {
                "average": 0.14285714285714285,
                "max": 1,
                "min": 0,
                "std": 0.34992710611188266,
                "total": 1
            },
            "last_modified": 0,
            "placed": {
                "average": 1.0,
                "max": 2,
                "min": 0,
                "std": 0.7559289460184544,
                "total": 7
            }
        },
        "total": {
            "dropped": {
                "average": 0.14285714285714285,
                "max": 1,
                "min": 0,
                "std": 0.34992710611188266,
                "total": 1
            },
            "last_modified": 0,
            "placed": {
                "average": 2.142857142857143,
                "max": 3,
                "min": 1,
                "std": 0.6388765649999399,
                "total": 15
            }
        }
    },
    "teleop_hoppers": {
        "average": 0.0,
        "max": 0,
        "min": 0,
        "std": 0.0,
        "total": 0
    },
    "teleop_picked_up_gears": {
        "average": 2.0,
        "max": 3,
        "min": 1,
        "std": 0.7559289460184544,
        "total": 14
    },
    "teleop_points": {
        "average": 0.0,
        "max": 0,
        "min": 0,
        "std": 0.0,
        "total": 0
    },
    "teleop_shooting": {
        "high": {
            "last_modified": 0,
            "made": {
                "average": 0.0,
                "max": 0,
                "min": 0,
                "std": 0.0,
                "total": 0
            },
            "missed": {
                "average": 0.0,
                "max": 0,
                "min": 0,
                "std": 0.0,
                "total": 0
            }
        },
        "last_modified": 0,
        "low": {
            "last_modified": 0,
            "made": {
                "average": 0.0,
                "max": 0,
                "min": 0,
                "std": 0.0,
                "total": 0
            },
            "missed": {
                "average": 0.0,
                "max": 0,
                "min": 0,
                "std": 0.0,
                "total": 0
            }
        }
    },
    "total_points": {
        "average": 0,
        "max": 0,
        "min": 0,
        "std": 0,
        "total": 0
    },
    "yellow_card": {
        "average": 0.0,
        "max": 0.0,
        "min": 0.0,
        "std": 0.0,