{
    "auto_baseline": {
        "average": 0.7142857142857143,
        "max": 1.0,
        "min": 0.0,
        "std": 0.45175395145262565,
        "total": 5.0
    },
    "auto_gears": {
        "center": {
            "dropped": {
                "average": 0.0,
                "max": 0,
                "min": 0,
                "std": 0.0,
                "total": 0
            },
            "last_modified": 0,
            "placed": {
                "average": 0.0,
                "max": 0,
                "min": 0,
                "std": 0.0,
                "total": 0
            }
        },
        "far": {
            "dropped": {
                "average": 0.14285714285714285,
                "max": 1,
                "min": 0,
                "std": 0.34992710611188266,
                "total": 1
            },
            "last_modified": 0,
            "placed": {
                "average": 0.2857142857142857,
                "max": 1,
                "min": 0,
                "std": 0.45175395145262565,
                "total": 2
            }
        },
        "near": {
            "dropped": {
                "average": 0.0,
                "max": 0,
                "min": 0,
                "std": 0.0,
                "total": 0
            },
            "last_modified": 0,
            "placed": {
                "average": 0.2857142857142857,
                "max": 1,
                "min": 0,
                "std": 0.45175395145262565,
                "total": 2
            }
        },
        "total": {
            "dropped": {
                "average": 0.14285714285714285,
                "max": 1,
                "min": 0,
                "std": 0.34992710611188266,
                "total": 1
            },
            "last_modified": 0,
            "placed": {
                "average": 0.5714285714285714,
                "max": 1,
                "min": 0,
                "std": 0.4948716593053935,
                "total": 4
            }
        }
    },
    "auto_hoppers": {
        "average": 0.0,
        "max": 0,
        "min": 0,
        "std": 0.0,
        "total": 0
    },
    "auto_points": {
        "average": 0.0,
        "max": 0,
        "min": 0,
        "std": 0.0,
        "total": 0
    },
    "auto_shooting": {
        "high": {
            "last_modified": 0,
            "made": {
                "average": 0.7142857142857143,
                "max": 5,
                "min": 0,
                "std": 1.749635530559413,
                "total": 5
            },
            "missed": {
                "average": 1.4285714285714286,
                "max": 10,
                "min": 0,
                "std": 3.499271061118826,
                "total": 10
            }
        },
        "last_modified": 0,
        "low": {
            "last_modified": 0,
            "made": {
                "average": 0.0,
                "max": 0,
                "min": 0,
                "std": 0.0,
                "total": 0
            },
            "missed": {
                "average": 0.0,
                "max": 0,
                "min": 0,
                "std": 0.0,
                "total": 0
            }
        }
    },
    "auto_start_position_center": 0,
    "auto_start_position_far": 4,
    "auto_start_position_near": 3,
    "climb": {
        "failed": 1,
        "fell": 0,
        "foul_credit": 0,
        "last_modified": 0,
        "no_attempt": 1,
        "success": 5,
        "success_percentage": 0.7142857142857143,
        "time": {
            "average": 6.0,
            "max": 10,
            "min": 5,
            "std": 2.0,
            "total": 30
        },
        "total": 7
    },
    "dq": {
        "average": 0.0,
        "max": 0.0,
        "min": 0.0,
        "std": 0.0,
        "total": 0
    },
    "endgame_points": {
        "average": 0.0,
        "max": 0,
        "min": 0,
        "std": 0.0,
        "total": 0
    },
    "fouls": {
        "average": 0.0,
        "max": 0,
        "min": 0,
        "std": 0.0,
        "total": 0
    },
    "last_modified": 1490405381008,
    "no_show": {
        "average": 0.0,
        "max": 0.0,
        "min": 0.0,
        "std": 0.0,
        "total": 0
    },
    "red_card": {
        "average": 0.0,
        "max": 0.0,
        "min": 0.0,
        "std": 0.0,
        "total": 0
    },
    "stopped_moving": {
        "average": 0.14285714285714285,
        "max": 1.0,
        "min": 0.0,
        "std": 0.3499271061118826,
        "total": 1.0
    },
    "team_number": 4265,
    "tech_fouls": {
        "average": 0.0,
        "max": 0,
        "min": 0,
        "std": 0.0,
        "total": 0
    },
    "teleop_gears": {
        "center": {
            "dropped": {
                "average": 0.0,
                "max": 0,
                "min": 0,
                "std": 0.0,
                "total": 0
            },
            "last_modified": 0,
            "placed": {
                "average": 0.5714285714285714,
                "max": 2,
                "min": 0,
                "std": 0.7284313590846836,
                "total": 4
            }
        },
        "far": {
            "dropped": {
                "average": 0.2857142857142857,
                "max": 2,
                "min": 0,
                "std": 0.6998542122237652,
                "total": 2
            },
            "last_modified": 0,
            "placed": {
                "average": 0.8571428571428571,
                "max": 3,
                "min": 0,
                "std": 1.1248582677159729,
                "total": 6
            }
        },
        "near": {
            "dropped": {
                "average": 1.2857142857142858,
                "max": 5,
                "min": 0,
                "std": 2.050385727772475,
                "total": 9
            },
            "last_modified": 0,
            "placed": {
                "average": 0.5714285714285714,
                "max": 2,
                "min": 0,
                "std": 0.9035079029052513,
                "total": 4
            }
        },
        "total": {
            "dropped": {
                "average": 1.5714285714285714,
                "max": 5,
                "min": 0,
                "std": 1.9897697538834458,
                "total": 11
            },
            "last_modified": 0,
            "placed": {
                "average": 2.0,
                "max": 4,
                "min": 0,
                "std": 1.6035674514745464,
                "total": 14
            }
        }
    },
    "teleop_hoppers": {
        "average": 0.42857142857142855,
        "max": 3,
        "min": 0,
        "std": 1.049781318335648,
        "total": 3
    },
    "teleop_picked_up_gears": {
        "average": 0.14285714285714285,
        "max": 1,
        "min": 0,
        "std": 0.3499271061118826,
        "total": 1
    },
    "teleop_points": {
        "average": 0.0,
        "max": 0,
        "min": 0,
        "std": 0.0,
        "total": 0
    },
    "teleop_shooting": {
        "high": {
            "last_modified": 0,
            "made": {
                "average": 1.0,
                "max": 7,
                "min": 0,
                "std": 2.449489742783178,
                "total": 7
            },
            "missed": {
                "average": 2.4285714285714284,
                "max": 17,
                "min": 0,
                "std": 5.948760803902004,
                "total": 17
            }
        },
        "last_modified": 0,
        "low": {
            "last_modified": 0,
            "made": {
                "average": 0.0,
                "max": 0,
                "min": 0,
                "std": 0.0,
                "total": 0
            },
            "missed": {
                "average": 0.0,
                "max": 0,
                "min": 0,
                "std": 0.0,
                "total": 0
            }
        }
    },