{
    "auto_baseline": {
        "average": 0.8888888888888888,
        "max": 1.0,
        "min": 0.0,
        "std": 0.3142696805273545,
        "total": 8.0
    },
    "auto_gears": {
        "center": {
            "dropped": {
                "average": 0.0,
                "max": 0,
                "min": 0,
                "std": 0.0,
                "total": 0
            },
            "last_modified": 0,
            "placed": {
                "average": 0.4444444444444444,
                "max": 1,
                "min": 0,
                "std": 0.4969039949999533,
                "total": 4
            }
        },
        "far": {
            "dropped": {
                "average": 0.1111111111111111,
                "max": 1,
                "min": 0,
                "std": 0.31426968052735443,
                "total": 1
            },
            "last_modified": 0,
            "placed": {
                "average": 0.1111111111111111,
                "max": 1,
                "min": 0,
                "std": 0.3142696805273545,
                "total": 1
            }
        },
        "near": {
            "dropped": {
                "average": 0.1111111111111111,
                "max": 1,
                "min": 0,
                "std": 0.31426968052735454,
                "total": 1
            },
            "last_modified": 0,
            "placed": {
                "average": 0.0,
                "max": 0,
                "min": 0,
                "std": 0.0,
                "total": 0
            }
        },
        "total": {
            "dropped": {
                "average": 0.2222222222222222,
                "max": 1,
                "min": 0,
                "std": 0.41573970964154905,
                "total": 2
            },
            "last_modified": 0,
            "placed": {
                "average": 0.5555555555555556,
                "max": 1,
                "min": 0,
                "std": 0.4969039949999533,
                "total": 5
            }
        }
    },
    "auto_hoppers": {
        "average": 0.0,
        "max": 0,
        "min": 0,
        "std": 0.0,
        "total": 0
    },
    "auto_points": {
        "average": 0.0,
        "max": 0,
        "min": 0,
        "std": 0.0,
        "total": 0
    },
    "auto_shooting": {
        "high": {
            "last_modified": 0,
            "made": {
                "average": 0.7777777777777778,
                "max": 4,
                "min": 0,
                "std": 1.4740554623801778,
                "total": 7
            },
            "missed": {
                "average": 3.6666666666666665,
                "max": 20,
                "min": 0,
                "std": 6.5659052011974035,
                "total": 33
            }
        },
        "last_modified": 0,
        "low": {
            "last_modified": 0,
            "made": {
                "average": 0.0,
                "max": 0,
                "min": 0,
                "std": 0.0,
                "total": 0
            },
            "missed": {
                "average": 0.0,
                "max": 0,
                "min": 0,
                "std": 0.0,
                "total": 0
            }
        }
    },
    "auto_start_position_center": 8,
    "auto_start_position_far": 0,
    "auto_start_position_near": 1,
    "climb": {
        "failed": 0,
        "fell": 1,
        "foul_credit": 0,
        "last_modified": 0,
        "no_attempt": 2,
        "success": 6,
        "success_percentage": 0.6666666666666666,
        "time": {
            "average": 9.166666666666666,
            "max": 20,
            "min": 5,
            "std": 5.335936864527374,
            "total": 55
        },
        "total": 9
    },
    "dq": {
        "average": 0.0,
        "max": 0.0,
        "min": 0.0,
        "std": 0.0,
        "total": 0
    },
    "endgame_points": {
        "average": 0.0,
        "max": 0,
        "min": 0,
        "std": 0.0,
        "total": 0
    },
    "fouls": {
        "average": 0.0,
        "max": 0,
        "min": 0,
        "std": 0.0,
        "total": 0
    },
    "last_modified": 1492458179137,
    "no_show": {
        "average": 0.0,
        "max": 0.0,
        "min": 0.0,
        "std": 0.0,
        "total": 0
    },
    "red_card": {
        "average": 0.0,
        "max": 0.0,
        "min": 0.0,
        "std": 0.0,
        "total": 0
    },
    "stopped_moving": {
        "average": 0.0,
        "max": 0.0,
        "min": 0.0,
        "std": 0.0,
        "total": 0
    },
    "team_number": 48,
    "tech_fouls": {
        "average": 0.0,
        "max": 0,
        "min": 0,
        "std": 0.0,
        "total": 0
    },
    "teleop_gears": {
        "center": {
            "dropped": {
                "average": 0.1111111111111111,
                "max": 1,
                "min": 0,
                "std": 0.3142696805273545,
                "total": 1
            },
            "last_modified": 0,
            "placed": {
                "average": 1.1111111111111112,
                "max": 4,
                "min": 0,
                "std": 1.286204100310025,
                "total": 10
            }
        },
        "far": {
            "dropped": {
                "average": 0.2222222222222222,
                "max": 1,
                "min": 0,
                "std": 0.41573970964154905,
                "total": 2
            },
            "last_modified": 0,
            "placed": {
                "average": 1.1111111111111112,
                "max": 3,
                "min": 0,
                "std": 1.1967032904743342,
                "total": 10
            }
        },
        "near": {
            "dropped": {
                "average": 0.1111111111111111,
                "max": 1,
                "min": 0,
                "std": 0.31426968052735454,
                "total": 1
            },
            "last_modified": 0,
            "placed": {
                "average": 0.3333333333333333,
                "max": 3,
                "min": 0,
                "std": 0.9428090415820631,
                "total": 3
            }
        },
        "total": {
            "dropped": {
                "average": 0.4444444444444444,
                "max": 1,
                "min": 0,
                "std": 0.4969039949999533,
                "total": 4
            },
            "last_modified": 0,
            "placed": {
                "average": 2.5555555555555554,
                "max": 4,
                "min": 0,
                "std": 1.1653431646335017,
                "total": 23
            }
        }
    },
    "teleop_hoppers": {
        "average": 0.0,
        "max": 0,
        "min": 0,
        "std": 0.0,
        "total": 0
    },
    "teleop_picked_up_gears": {
        "average": 0.2222222222222222,
        "max": 2,
        "min": 0,
        "std": 0.6285393610547091,
        "total": 2
    },
    "teleop_points": {
        "average": 0.0,
        "max": 0,
        "min": 0,
        "std": 0.0,
        "total": 0
    },
    "teleop_shooting": {
        "high": {
            "last_modified": 0,
            "made": {
                "average": 0.0,
                "max": 0,
                "min": 0,
                "std": 0.0,
                "total": 0
            },
            "missed": {
                "average": 0.0,
                "max": 0,
                "min": 0,
                "std": 0.0,
                "total": 0
            }
        },
        "last_modified": 0,
        "low": {
            "last_modified": 0,
            "made": {
                "average": 0.0,
                "max": 0,
                "min": 0,
                "std": 0.0,
                "total": 0
            },
            "missed": {
                "average": 0.0,
                "max": 0,
                "min": 0,
                "std": 0.0,
                "total": 0
            }
        }
    },