{
    "auto_baseline": {
        "average": 0.42857142857142855,
        "max": 1.0,
        "min": 0.0,
        "std": 0.49487165930539345,
        "total": 3.0
    },
    "auto_gears": {
        "center": {
            "dropped": {
                "average": 0.14285714285714285,
                "max": 1,
                "min": 0,
                "std": 0.34992710611188266,
                "total": 1
            },
            "last_modified": 0,
            "placed": {
                "average": 0.5714285714285714,
                "max": 1,
                "min": 0,
                "std": 0.4948716593053935,
                "total": 4
            }
        },
        "far": {
            "dropped": {
                "average": 0.0,
                "max": 0,
                "min": 0,
                "std": 0.0,
                "total": 0
            },
            "last_modified": 0,
            "placed": {
                "average": 0.14285714285714285,
                "max": 1,
                "min": 0,
                "std": 0.3499271061118826,
                "total": 1
            }
        },
        "near": {
            "dropped": {
                "average": 0.0,
                "max": 0,
                "min": 0,
                "std": 0.0,
                "total": 0
            },
            "last_modified": 0,
            "placed": {
                "average": 0.14285714285714285,
                "max": 1,
                "min": 0,
                "std": 0.3499271061118826,
                "total": 1
            }
        },
        "total": {
            "dropped": {
                "average": 0.14285714285714285,
                "max": 1,
                "min": 0,
                "std": 0.34992710611188266,
                "total": 1
            },
            "last_modified": 0,
            "placed": {
                "average": 0.8571428571428571,
                "max": 1,
                "min": 0,
                "std": 0.3499271061118826,
                "total": 6
            }
        }
    },
    "auto_hoppers": {
        "average": 0.0,
        "max": 0,
        "min": 0,
        "std": 0.0,
        "total": 0
    },
    "auto_points": {
        "average": 0.0,
        "max": 0,
        "min": 0,
        "std": 0.0,
        "total": 0
    },
    "auto_shooting": {
        "high": {
            "last_modified": 0,
            "made": {
                "average": 0.0,
                "max": 0,
                "min": 0,
                "std": 0.0,
                "total": 0
            },
            "missed": {
                "average": 0.0,
                "max": 0,
                "min": 0,
                "std": 0.0,
                "total": 0
            }
        },
        "last_modified": 0,
        "low": {
            "last_modified": 0,
            "made": {
                "average": 0.0,
                "max": 0,
                "min": 0,
                "std": 0.0,
                "total": 0
            },
            "missed": {
                "average": 0.0,
                "max": 0,
                "min": 0,
                "std": 0.0,
                "total": 0
            }
        }
    },
    "auto_start_position_center": 5,
    "auto_start_position_far": 0,
    "auto_start_position_near": 2,
    "climb": {
        "failed": 1,
        "fell": 0,
        "foul_credit": 0,
        "last_modified": 0,
        "no_attempt": 2,
        "success": 4,
        "success_percentage": 0.5714285714285714,
        "time": {
            "average": 6.25,
            "max": 10,
            "min": 5,
            "std": 2.165063509461097,
            "total": 25
        },
        "total": 7
    },
    "dq": {
        "average": 0.0,
        "max": 0.0,
        "min": 0.0,
        "std": 0.0,
        "total": 0
    },
    "endgame_points": {
        "average": 0.0,
        "max": 0,
        "min": 0,
        "std": 0.0,
        "total": 0
    },
    "fouls": {
        "average": 0.0,
        "max": 0,
        "min": 0,
        "std": 0.0,
        "total": 0
    },
    "last_modified": 1490405661763,
    "no_show": {
        "average": 0.0,
        "max": 0.0,
        "min": 0.0,
        "std": 0.0,
        "total": 0
    },
    "red_card": {
        "average": 0.0,
        "max": 0.0,
        "min": 0.0,
        "std": 0.0,
        "total": 0
    },
    "stopped_moving": {
        "average": 0.0,
        "max": 0.0,
        "min": 0.0,
        "std": 0.0,
        "total": 0
    },
    "team_number": 5508,
    "tech_fouls": {
        "average": 0.0,
        "max": 0,
        "min": 0,
        "std": 0.0,
        "total": 0
    },
    "teleop_gears": {
        "center": {
            "dropped": {
                "average": 0.0,
                "max": 0,
                "min": 0,
                "std": 0.0,
                "total": 0
            },
            "last_modified": 0,
            "placed": {
                "average": 0.42857142857142855,
                "max": 2,
                "min": 0,
                "std": 0.7284313590846835,
                "total": 3
            }
        },
        "far": {
            "dropped": {
                "average": 0.0,
                "max": 0,
                "min": 0,
                "std": 0.0,
                "total": 0
            },
            "last_modified": 0,
            "placed": {
                "average": 0.7142857142857143,
                "max": 2,
                "min": 0,
                "std": 0.6998542122237652,
                "total": 5
            }
        },
        "near": {
            "dropped": {
                "average": 0.0,
                "max": 0,
                "min": 0,
                "std": 0.0,
                "total": 0
            },
            "last_modified": 0,
            "placed": {
                "average": 0.42857142857142855,
                "max": 2,
                "min": 0,
                "std": 0.7284313590846835,
                "total": 3
            }
        },
        "total": {
            "dropped": {
                "average": 0.0,
                "max": 0,
                "min": 0,
                "std": 0.0,
                "total": 0
            },
            "last_modified": 0,
            "placed": {
                "average": 1.5714285714285714,
                "max": 2,
                "min": 1,
                "std": 0.4948716593053935,
                "total": 11
            }
        }
    },
    "teleop_hoppers": {
        "average": 0.7142857142857143,
        "max": 2,
        "min": 0,
        "std": 0.6998542122237652,
        "total": 5
    },
    "teleop_picked_up_gears": {
        "average": 0.8571428571428571,
        "max": 3,
        "min": 0,
        "std": 1.1248582677159729,
        "total": 6
    },
    "teleop_points": {
        "average": 0.0,
        "max": 0,
        "min": 0,
        "std": 0.0,
        "total": 0
    },
    "teleop_shooting": {
        "high": {
            "last_modified": 0,
            "made": {
                "average": 0.0,
                "max": 0,
                "min": 0,
                "std": 0.0,
                "total": 0
            },
            "missed": {
                "average": 0.0,
                "max": 0,
                "min": 0,
                "std": 0.0,
                "total": 0
            }
        },
        "last_modified": 0,
        "low": {
            "last_modified": 0,
            "made": {
                "average": 7.857142857142857,
                "max": 20,
                "min": 0,
                "std": 8.00764940413801,
                "total": 55
            },
            "missed": {
                "average": 0.2857142857142857,
                "max": 1,
                "min": 0,
                "std": 0.4517539514526256,
                "total": 2
            }
        }
    },
    "total_points": {
        "average": 0,
        "max": 0,
        "min": 0,
        "std": 0,
        "total": 0
    },